ds,y
2021-01-01,3339149.0
2021-01-02,9143692.0
2021-01-03,8210354.0
2021-01-04,14744685.0
2021-01-05,12361025.0
2021-01-06,5444736.0
2021-01-07,13298443.0
2021-01-08,14058402.0
2021-01-09,12626326.0
2021-01-10,6039529.0
2021-01-11,12177823.0
2021-01-12,12502665.0
2021-01-13,12364799.0
2021-01-14,12509763.0
2021-01-15,13710212.0
2021-01-16,14225636.0
2021-01-17,6064442.0
2021-01-18,11272908.0
2021-01-19,11677073.0
2021-01-20,11543776.0
2021-01-21,11567324.0
2021-01-22,12663439.0
2021-01-23,13293575.0
2021-01-24,6946629.0
2021-01-25,12224940.0
2021-01-26,11812793.0
2021-01-27,13019486.0
2021-01-28,12773456.0
2021-01-29,13579323.0
2021-01-30,14152256.0
2021-01-31,6949527.0
2021-02-01,14053113.0
2021-02-02,14424129.0
2021-02-03,14569371.0
2021-02-04,13132043.0
2021-02-05,14086475.0
2021-02-06,14883663.0
2021-02-07,7575704.0
2021-02-08,12342558.0
2021-02-09,12787839.0
2021-02-10,12910424.0
2021-02-11,13720226.0
2021-02-12,14958624.0
2021-02-13,15369523.0
2021-02-14,8286171.0
2021-02-15,12637066.0
2021-02-16,12381006.0
2021-02-17,12668139.0
2021-02-18,11969251.0
2021-02-19,13988491.0
2021-02-20,14858768.0
2021-02-21,7513518.0
2021-02-22,12277479.0
2021-02-23,12988097.0
2021-02-24,12985209.0
2021-02-25,13543026.0
2021-02-26,14614810.0
2021-02-27,15644726.0
2021-02-28,8809703.0
2021-03-01,14631783.0
2021-03-02,14752205.0
2021-03-03,15225060.0
2021-03-04,13421509.0
2021-03-05,14315360.0
2021-03-06,14723175.0
2021-03-07,7458237.0
2021-03-08,12487892.0
2021-03-09,12174957.0
2021-03-10,12700565.0
2021-03-11,12864965.0
2021-03-12,14356699.0
2021-03-13,15304195.0
2021-03-14,7746895.0
2021-03-15,11266998.0
2021-03-16,11795276.0
2021-03-17,11623813.0
2021-03-18,11938220.0
2021-03-19,13094226.0
2021-03-20,13076544.0
2021-03-21,6499446.0
2021-03-22,11692262.0
2021-03-23,12097587.0
2021-03-24,11883384.0
2021-03-25,12036656.0
2021-03-26,13736914.0
2021-03-27,15149951.0
2021-03-28,6650115.0
2021-03-29,12097341.0
2021-03-30,12846050.0
2021-03-31,13386742.0
2021-04-01,16155721.0
2021-04-02,17280372.0
2021-04-03,17651741.0
2021-04-04,3974181.0
2021-04-05,4952226.0
2021-04-06,12756312.0
2021-04-07,12588257.0
2021-04-08,12686809.0
2021-04-09,13573656.0
2021-04-10,13843684.0
2021-04-11,6473941.0
2021-04-12,7671224.0
2021-04-13,3682752.0
2021-04-14,12701541.0
2021-04-15,12921901.0
2021-04-16,14021295.0
2021-04-17,15017367.0
2021-04-18,7032936.0
2021-04-19,11950423.0
2021-04-20,12607308.0
2021-04-21,12673514.0
2021-04-22,13003859.0
2021-04-23,13876486.0
2021-04-24,15324351.0
2021-04-25,7427128.0
2021-04-26,12705868.0
2021-04-27,13430484.0
2021-04-28,10097980.0
2021-04-29,13689700.0
2021-04-30,16445943.0
2021-05-01,10255915.0
2021-05-02,10129049.0
2021-05-03,17304346.0
2021-05-04,15128566.0
2021-05-05,15193642.0
2021-05-06,15185015.0
2021-05-07,16724522.0
2021-05-08,17920760.0
2021-05-09,9779239.0
2021-05-10,14278903.0
2021-05-11,14203970.0
2021-05-12,12180621.0
2021-05-13,14222678.0
2021-05-14,15046519.0
2021-05-15,16489829.0
2021-05-16,8874846.0
2021-05-17,13485152.0
2021-05-18,13784580.0
2021-05-19,13935976.0
2021-05-20,14282931.0
2021-05-21,15817954.0
2021-05-22,17351931.0
2021-05-23,9663574.0
2021-05-24,13050019.0
2021-05-25,14226271.0
2021-05-26,14172288.0
2021-05-27,15531042.0
2021-05-28,16487117.0
2021-05-29,17578356.0
2021-05-30,10314505.0
2021-05-31,14069609.0
2021-06-01,17965380.0
2021-06-02,9612087.0
2021-06-03,14888345.0
2021-06-04,16516620.0
2021-06-05,17460153.0
2021-06-06,10097009.0
2021-06-07,14107561.0
2021-06-08,14713598.0
2021-06-09,13076499.0
2021-06-10,15531063.0
2021-06-11,16626970.0
2021-06-12,17645530.0
2021-06-13,10510968.0
2021-06-14,10208462.0
2021-06-15,15210979.0
2021-06-16,14944585.0
2021-06-17,14957984.0
2021-06-18,15997436.0
2021-06-19,16656576.0
2021-06-20,10257327.0
2021-06-21,14554921.0
2021-06-22,14947649.0
2021-06-23,14694949.0
2021-06-24,15604929.0
2021-06-25,16622345.0
2021-06-26,16836721.0
2021-06-27,10765169.0
2021-06-28,14457584.0
2021-06-29,15016465.0
2021-06-30,15516979.0
2021-07-01,16415292.0
2021-07-02,16635700.0
2021-07-03,18720275.0
2021-07-04,12357060.0
2021-07-05,15292333.0
2021-07-06,14374090.0
2021-07-07,14156499.0
2021-07-08,14376412.0
2021-07-09,15917179.0
2021-07-10,16330734.0
2021-07-11,10206744.0
2021-07-12,13714313.0
2021-07-13,14359156.0
2021-07-14,14625004.0
2021-07-15,14837620.0
2021-07-16,15543890.0
2021-07-17,16349444.0
2021-07-18,10441344.0
2021-07-19,13945830.0
2021-07-20,13963769.0
2021-07-21,13929321.0
2021-07-22,14437768.0
2021-07-23,15148152.0
2021-07-24,15333301.0
2021-07-25,10234473.0
2021-07-26,13722052.0
2021-07-27,14146164.0
2021-07-28,14474866.0
2021-07-29,14526988.0
2021-07-30,15264296.0
2021-07-31,15712525.0
2021-08-01,11490723.0
2021-08-02,16066186.0
2021-08-03,16436273.0
2021-08-04,14566117.0
2021-08-05,15011491.0
2021-08-06,15463965.0
2021-08-07,15385407.0
2021-08-08,10226672.0
2021-08-09,13960726.0
2021-08-10,14528256.0
2021-08-11,14663251.0
2021-08-12,14543209.0
2021-08-13,15411587.0
2021-08-14,15165738.0
2021-08-15,8332859.0
2021-08-16,13249949.0
2021-08-17,13833958.0
2021-08-18,13804782.0
2021-08-19,13810567.0
2021-08-20,13474116.0
2021-08-21,14442823.0
2021-08-22,10584707.0
2021-08-23,13780821.0
2021-08-24,13948052.0
2021-08-25,13859287.0
2021-08-26,12752100.0
2021-08-27,14932566.0
2021-08-28,15928021.0
2021-08-29,10575319.0
2021-08-30,14660623.0
2021-08-31,14146307.0
2021-09-01,15768922.0
2021-09-02,15608749.0
2021-09-03,16674427.0
2021-09-04,16119677.0
2021-09-05,10531720.0
2021-09-06,13820770.0
2021-09-07,14074479.0
2021-09-08,14002419.0
2021-09-09,14204763.0
2021-09-10,15441069.0
2021-09-11,16353124.0
2021-09-12,10549833.0
2021-09-13,13742491.0
2021-09-14,13964233.0
2021-09-15,14440678.0
2021-09-16,14268952.0
2021-09-17,15093520.0
2021-09-18,16057110.0
2021-09-19,10071794.0
2021-09-20,13500018.0
2021-09-21,14278212.0
2021-09-22,14298328.0
2021-09-23,13960453.0
2021-09-24,15082892.0
2021-09-25,16073846.0
2021-09-26,9684628.0
2021-09-27,13915696.0
2021-09-28,14140015.0
2021-09-29,13753781.0
2021-09-30,14138121.0
2021-10-01,17186634.0
2021-10-02,17158137.0
2021-10-03,10612635.0
2021-10-04,14677661.0
2021-10-05,13904871.0
2021-10-06,13683188.0
2021-10-07,13955815.0
2021-10-08,15118598.0
2021-10-09,16480226.0
2021-10-10,10239333.0
2021-10-11,13639498.0
2021-10-12,13757052.0
2021-10-13,14031551.0
2021-10-14,14037976.0
2021-10-15,15401614.0
2021-10-16,16646147.0
2021-10-17,10321484.0
2021-10-18,13216918.0
2021-10-19,13807274.0
2021-10-20,13769182.0
2021-10-21,14416831.0
2021-10-22,16230806.0
2021-10-23,17436790.0
2021-10-24,10659288.0
2021-10-25,12827367.0
2021-10-26,13038622.0
2021-10-27,14005039.0
2021-10-28,14592492.0
2021-10-29,15471767.0
2021-10-30,17114655.0
2021-10-31,10891269.0
2021-11-01,11249205.0
2021-11-02,15856626.0
2021-11-03,15072987.0
2021-11-04,14351318.0
2021-11-05,14976123.0
2021-11-06,16255747.0
2021-11-07,9961403.0
2021-11-08,12473365.0
2021-11-09,13048325.0
2021-11-10,13793621.0
2021-11-11,14069537.0
2021-11-12,15267105.0
2021-11-13,16621927.0
2021-11-14,9910981.0
2021-11-15,12999160.0
2021-11-16,13400842.0
2021-11-17,13788981.0
2021-11-18,13608566.0
2021-11-19,15104323.0
2021-11-20,16630645.0
2021-11-21,10351534.0
2021-11-22,13027294.0
2021-11-23,13824049.0
2021-11-24,13656948.0
2021-11-25,13489890.0
2021-11-26,16645978.0
2021-11-27,18374144.0
2021-11-28,11293792.0
2021-11-29,13581867.0
2021-11-30,14181102.0
2021-12-01,16692868.0
2021-12-02,15938636.0
2021-12-03,16648276.0
2021-12-04,17633734.0
2021-12-05,11245944.0
2021-12-06,14530402.0
2021-12-07,16038919.0
2021-12-08,10395271.0
2021-12-09,14859897.0
2021-12-10,15710800.0
2021-12-11,17716094.0
2021-12-12,11680481.0
2021-12-13,14646272.0
2021-12-14,15101131.0
2021-12-15,16048729.0
2021-12-16,15987416.0
2021-12-17,17031358.0
2021-12-18,19031481.0
2021-12-19,12907094.0
2021-12-20,16651626.0
2021-12-21,17676789.0
2021-12-22,18550258.0
2021-12-23,20498996.0
2021-12-24,19026798.0
2021-12-25,4068658.0
2021-12-26,5976701.0
2021-12-27,12804151.0
2021-12-28,13155847.0
2021-12-29,13488473.0
2021-12-30,14948663.0
2021-12-31,13988921.0
2022-01-01,5940765.0
2022-01-02,9408373.0
2022-01-03,15018795.0
2022-01-04,13707019.0
2022-01-05,14992237.0
2022-01-06,8927816.0
2022-01-07,13933339.0
2022-01-08,13917103.0
2022-01-09,8222929.0
2022-01-10,12160236.0
2022-01-11,12409532.0
2022-01-12,12297461.0
2022-01-13,12439958.0
2022-01-14,13629178.0
2022-01-15,15122804.0
2022-01-16,8986535.0
2022-01-17,11960456.0
2022-01-18,12406722.0
2022-01-19,12383889.0
2022-01-20,12273363.0
2022-01-21,13507087.0
2022-01-22,15469119.0
2022-01-23,8922282.0
2022-01-24,11491028.0
2022-01-25,12029140.0
2022-01-26,12100020.0
2022-01-27,12656855.0
2022-01-28,13803471.0
2022-01-29,15593044.0
2022-01-30,9212134.0
2022-01-31,11974772.0
2022-02-01,14665458.0
2022-02-02,13944468.0
2022-02-03,13741267.0
2022-02-04,13976361.0
2022-02-05,15357004.0
2022-02-06,9271776.0
2022-02-07,11903835.0
2022-02-08,13452956.0
2022-02-09,12768224.0
2022-02-10,13324538.0
2022-02-11,14493215.0
2022-02-12,15804592.0
2022-02-13,9801332.0
2022-02-14,13584697.0
2022-02-15,12374467.0
2022-02-16,12886017.0
2022-02-17,12949494.0
2022-02-18,14158065.0
2022-02-19,15588195.0
2022-02-20,9640589.0
2022-02-21,12029385.0
2022-02-22,12858944.0
2022-02-23,12871374.0
2022-02-24,13133950.0
2022-02-25,14528243.0
2022-02-26,15735895.0
2022-02-27,9858386.0
2022-02-28,13753804.0
2022-03-01,16102068.0
2022-03-02,14802938.0
2022-03-03,14401939.0
2022-03-04,14855879.0
2022-03-05,7120023.0
2022-03-06,10179827.0
2022-03-07,13067756.0
2022-03-08,14010245.0
2022-03-09,13563400.0
2022-03-10,14301837.0
2022-03-11,16203185.0
2022-03-12,17959230.0
2022-03-13,10627161.0
2022-03-14,13024860.0
2022-03-15,13574845.0
2022-03-16,13471386.0
2022-03-17,13748194.0
2022-03-18,14903459.0
2022-03-19,17024370.0
2022-03-20,10357670.0
2022-03-21,12868856.0
2022-03-22,13436398.0
2022-03-23,13647374.0
2022-03-24,13773483.0
2022-03-25,15196280.0
2022-03-26,16981422.0
2022-03-27,10143271.0
2022-03-28,13297414.0
2022-03-29,13506034.0
2022-03-30,12891542.0
2022-03-31,13562569.0
2022-04-01,18011425.0
2022-04-02,17739152.0
2022-04-03,11059671.0
2022-04-04,14141114.0
2022-04-05,14305957.0
2022-04-06,14106470.0
2022-04-07,14387808.0
2022-04-08,15918562.0
2022-04-09,17065979.0
2022-04-10,10708763.0
2022-04-11,14303174.0
2022-04-12,15454515.0
2022-04-13,15638123.0
2022-04-14,16493591.0
2022-04-15,19028278.0
2022-04-16,18982882.0
2022-04-17,6800579.0
2022-04-18,8853394.0
2022-04-19,14255229.0
2022-04-20,14132698.0
2022-04-21,14172289.0
2022-04-22,15597245.0
2022-04-23,16945819.0
2022-04-24,10440332.0
2022-04-25,10140772.0
2022-04-26,14140777.0
2022-04-27,14647061.0
2022-04-28,15027850.0
2022-04-29,16002516.0
2022-04-30,17774373.0
2022-05-01,11668466.0
2022-05-02,16352176.0
2022-05-03,15666002.0
2022-05-04,14991542.0
2022-05-05,15023391.0
2022-05-06,15749301.0
2022-05-07,18093998.0
2022-05-08,11127936.0
2022-05-09,13509869.0
2022-05-10,14795955.0
2022-05-11,15030901.0
2022-05-12,15131354.0
2022-05-13,16797079.0
2022-05-14,17919528.0
2022-05-15,11361707.0
2022-05-16,14487002.0
2022-05-17,14975705.0
2022-05-18,15044782.0
2022-05-19,15506552.0
2022-05-20,16626155.0
2022-05-21,17690638.0
2022-05-22,11584331.0
2022-05-23,14288322.0
2022-05-24,14642630.0
2022-05-25,14626165.0
2022-05-26,15137739.0
2022-05-27,16994221.0
2022-05-28,17870951.0
2022-05-29,11162002.0
2022-05-30,14498096.0
2022-05-31,15306136.0
2022-06-01,19607867.0
2022-06-02,13618665.0
2022-06-03,18752530.0
2022-06-04,17831143.0
2022-06-05,11797259.0
2022-06-06,15450240.0
2022-06-07,15607251.0
2022-06-08,15812105.0
2022-06-09,15785755.0
2022-06-10,17215138.0
2022-06-11,18109321.0
2022-06-12,11710838.0
2022-06-13,15218246.0
2022-06-14,15852628.0
2022-06-15,16626750.0
2022-06-16,16432880.0
2022-06-17,17409311.0
2022-06-18,18042990.0
2022-06-19,12001670.0
2022-06-20,15326401.0
2022-06-21,15747046.0
2022-06-22,15860645.0
2022-06-23,15621079.0
2022-06-24,16388472.0
2022-06-25,17376711.0
2022-06-26,11618518.0
2022-06-27,15429550.0
2022-06-28,16021188.0
2022-06-29,16057133.0
2022-06-30,16800059.0
2022-07-01,20126345.0
2022-07-02,20931238.0
2022-07-03,13553047.0
2022-07-04,16489564.0
2022-07-05,17216691.0
2022-07-06,16925741.0
2022-07-07,16940580.0
2022-07-08,18120904.0
2022-07-09,18684254.0
2022-07-10,12655174.0
2022-07-11,16329573.0
2022-07-12,17494067.0
2022-07-13,17266975.0
2022-07-14,16883933.0
2022-07-15,18332890.0
2022-07-16,18656237.0
2022-07-17,12806327.0
2022-07-18,16179054.0
2022-07-19,16796020.0
2022-07-20,17021618.0
2022-07-21,17068363.0
2022-07-22,17401058.0
2022-07-23,18345822.0
2022-07-24,12626016.0
2022-07-25,16071251.0
2022-07-26,16392111.0
2022-07-27,16970546.0
2022-07-28,17175804.0
2022-07-29,17612780.0
2022-07-30,18391123.0
2022-07-31,12687043.0
2022-08-01,19018536.0
2022-08-02,18684567.0
2022-08-03,17514660.0
2022-08-04,17528023.0
2022-08-05,18283259.0
2022-08-06,17885174.0
2022-08-07,12537585.0
2022-08-08,16576854.0
2022-08-09,16844581.0
2022-08-10,16952118.0
2022-08-11,17566690.0
2022-08-12,18211601.0
2022-08-13,17969303.0
2022-08-14,12971764.0
2022-08-15,10440048.0
2022-08-16,15902907.0
2022-08-17,15850840.0
2022-08-18,15780175.0
2022-08-19,16612498.0
2022-08-20,16700713.0
2022-08-21,12272601.0
2022-08-22,15888468.0
2022-08-23,16154901.0
2022-08-24,15704176.0
2022-08-25,15962815.0
2022-08-26,16843578.0
2022-08-27,17190098.0
2022-08-28,12104311.0
2022-08-29,15268564.0
2022-08-30,15397344.0
2022-08-31,15731433.0
2022-09-01,18659240.0
2022-09-02,18891350.0
2022-09-03,18094665.0
2022-09-04,12352425.0
2022-09-05,15792138.0
2022-09-06,16099866.0
2022-09-07,16046840.0
2022-09-08,16420279.0
2022-09-09,17373986.0
2022-09-10,18278119.0
2022-09-11,12516689.0
2022-09-12,15760498.0
2022-09-13,16235767.0
2022-09-14,16238816.0
2022-09-15,16682375.0
2022-09-16,17242173.0
2022-09-17,18417296.0
2022-09-18,12368335.0
2022-09-19,14980526.0
2022-09-20,16072944.0
2022-09-21,16036310.0
2022-09-22,16513116.0
2022-09-23,17363689.0
2022-09-24,17967804.0
2022-09-25,11812578.0
2022-09-26,14894405.0
2022-09-27,16390359.0
2022-09-28,16423795.0
2022-09-29,16305059.0
2022-09-30,17636206.0
2022-10-01,21856371.0
2022-10-02,13215171.0
2022-10-03,17131789.0
2022-10-04,17437533.0
2022-10-05,16575575.0
2022-10-06,16727990.0
2022-10-07,17844397.0
2022-10-08,19137859.0
2022-10-09,12192575.0
2022-10-10,15543176.0
2022-10-11,16493363.0
2022-10-12,16780129.0
2022-10-13,16288539.0
2022-10-14,18137487.0
2022-10-15,19695035.0
2022-10-16,12576011.0
2022-10-17,15448691.0
2022-10-18,15918836.0
2022-10-19,15929292.0
2022-10-20,16486530.0
2022-10-21,17835186.0
2022-10-22,19996182.0
2022-10-23,12307051.0
2022-10-24,15078660.0
2022-10-25,15907637.0
2022-10-26,16041395.0
2022-10-27,17018042.0
2022-10-28,18453579.0
2022-10-29,19796470.0
2022-10-30,13106467.0
2022-10-31,17891253.0
2022-11-01,14715168.0
2022-11-02,18336975.0
2022-11-03,16685604.0
2022-11-04,7656965.0
2022-11-05,19160679.0
2022-11-06,12207706.0
2022-11-07,15389959.0
2022-11-08,15898124.0
2022-11-09,15726264.0
2022-11-10,16710006.0
2022-11-11,18442846.0
2022-11-12,20537446.0
2022-11-13,12446678.0
2022-11-14,15230638.0
2022-11-15,16050200.0
2022-11-16,16071674.0
2022-11-17,16367433.0
2022-11-18,17996879.0
2022-11-19,19377444.0
2022-11-20,12681377.0
2022-11-21,15323814.0
2022-11-22,15048733.0
2022-11-23,16839328.0
2022-11-24,16862763.0
2022-11-25,19685689.0
2022-11-26,20423740.0
2022-11-27,13747844.0
2022-11-28,16213224.0
2022-11-29,15971716.0
2022-11-30,16799882.0
2022-12-01,20901510.0
2022-12-02,19308756.0
2022-12-03,19624255.0
2022-12-04,13630998.0
2022-12-05,16691361.0
2022-12-06,17277029.0
2022-12-07,18954402.0
2022-12-08,14267244.0
2022-12-09,18883545.0
2022-12-10,19497545.0
2022-12-11,13478809.0
2022-12-12,17321340.0
2022-12-13,17494022.0
2022-12-14,17758516.0
2022-12-15,18248030.0
2022-12-16,20133851.0
2022-12-17,22084103.0
2022-12-18,14731089.0
2022-12-19,18639696.0
2022-12-20,20155861.0
2022-12-21,20779072.0
2022-12-22,21889575.0
2022-12-23,23940163.0
2022-12-24,21160593.0
2022-12-25,4986118.0
2022-12-26,7648199.0
2022-12-27,15842128.0
2022-12-28,16270075.0
2022-12-29,16653768.0
2022-12-30,18433465.0
2022-12-31,16665507.0
2023-01-01,8030600.0
2023-01-02,15895719.0
2023-01-03,16252779.0
2023-01-04,16355051.0
2023-01-05,18595009.0
2023-01-06,11945841.0
2023-01-07,16941415.0
2023-01-08,10668208.0
2023-01-09,14721276.0
2023-01-10,15465574.0
2023-01-11,15933600.0
2023-01-12,15658928.0
2023-01-13,16829756.0
2023-01-14,18568016.0
2023-01-15,11641623.0
2023-01-16,14593672.0
2023-01-17,14519382.0
2023-01-18,15204191.0
2023-01-19,16269558.0
2023-01-20,16593305.0
2023-01-21,18153400.0
2023-01-22,11551009.0
2023-01-23,14639054.0
2023-01-24,16082814.0
2023-01-25,14301327.0
2023-01-26,14847975.0
2023-01-27,16998778.0
2023-01-28,18433334.0
2023-01-29,11492134.0
2023-01-30,14759869.0
2023-01-31,15837839.0
2023-02-01,19139956.0
2023-02-02,18192274.0
2023-02-03,18064304.0
2023-02-04,19906464.0
2023-02-05,12159356.0
2023-02-06,15172016.0
2023-02-07,15801026.0
2023-02-08,15587139.0
2023-02-09,16001490.0
2023-02-10,17848894.0
2023-02-11,19821598.0
2023-02-12,12143082.0
2023-02-13,16164534.0
2023-02-14,18321232.0
2023-02-15,16227506.0
2023-02-16,16328124.0
2023-02-17,17583979.0
2023-02-18,19202154.0
2023-02-19,12159531.0
2023-02-20,15549655.0
2023-02-21,15796132.0
2023-02-22,15899063.0
2023-02-23,16411921.0
2023-02-24,17628653.0
2023-02-25,18971447.0
2023-02-26,11441974.0
2023-02-27,15624583.0
2023-02-28,17119513.0
2023-03-01,19507214.0
2023-03-02,18268465.0
2023-03-03,18824601.0
2023-03-04,20301691.0
2023-03-05,13099980.0
2023-03-06,15877855.0
2023-03-07,16591154.0
2023-03-08,17409159.0
2023-03-09,16741768.0
2023-03-10,18474606.0
2023-03-11,20185880.0
2023-03-12,13052190.0
2023-03-13,16085517.0
2023-03-14,16696016.0
2023-03-15,17050224.0
2023-03-16,17128381.0
2023-03-17,18489923.0
2023-03-18,20512872.0
2023-03-19,12861837.0
2023-03-20,15431989.0
2023-03-21,16380621.0
2023-03-22,16892324.0
2023-03-23,17210660.0
2023-03-24,18279461.0
2023-03-25,19911543.0
2023-03-26,12252374.0
2023-03-27,15975557.0
2023-03-28,16823789.0
2023-03-29,16850911.0
2023-03-30,16938418.0
2023-03-31,18482701.0
2023-04-01,23354297.0
2023-04-02,14249266.0
2023-04-03,18080729.0
2023-04-04,18214397.0
2023-04-05,18685344.0
2023-04-06,19394227.0
2023-04-07,20891270.0
2023-04-08,21943705.0
2023-04-09,7937824.0
2023-04-10,10335240.0
2023-04-11,16935501.0
2023-04-12,16931926.0
2023-04-13,16606329.0
2023-04-14,18548461.0
2023-04-15,19914126.0
2023-04-16,12738811.0
2023-04-17,16231453.0
2023-04-18,16729445.0
2023-04-19,17193767.0
2023-04-20,17304426.0
2023-04-21,19071458.0
2023-04-22,21042141.0
2023-04-23,13461501.0
2023-04-24,18320968.0
2023-04-25,12321919.0
2023-04-26,17246694.0
2023-04-27,17908899.0
2023-04-28,19795865.0
2023-04-29,20702929.0
2023-04-30,13731965.0
2023-05-01,13438882.0
2023-05-02,19921368.0
2023-05-03,18248800.0
2023-05-04,18302113.0
2023-05-05,19284908.0
2023-05-06,20526687.0
2023-05-07,13138293.0
2023-05-08,16454992.0
2023-05-09,17066967.0
2023-05-10,16944213.0
2023-05-11,13674986.0
2023-05-12,19019345.0
2023-05-13,20834607.0
2023-05-14,13300638.0
2023-05-15,16434652.0
2023-05-16,16393495.0
2023-05-17,16520714.0
2023-05-18,17385660.0
2023-05-19,18379800.0
2023-05-20,19235932.0
2023-05-21,12946865.0
2023-05-22,16343620.0
2023-05-23,17159817.0
2023-05-24,16850918.0
2023-05-25,17307647.0
2023-05-26,19198707.0
2023-05-27,21087994.0
2023-05-28,13745529.0
2023-05-29,17154880.0
2023-05-30,17594245.0
2023-05-31,18150239.0
2023-06-01,23971994.0
2023-06-02,16614393.0
2023-06-03,21073430.0
2023-06-04,14002235.0
2023-06-05,18207958.0
2023-06-06,18556073.0
2023-06-07,18623298.0
2023-06-08,18822227.0
2023-06-09,20291628.0
2023-06-10,21235910.0
2023-06-11,14186205.0
2023-06-12,17880364.0
2023-06-13,18215931.0
2023-06-14,18232208.0
2023-06-15,19494860.0
2023-06-16,20410195.0
2023-06-17,21373311.0
2023-06-18,14686350.0
2023-06-19,18126942.0
2023-06-20,19080248.0
2023-06-21,18910209.0
2023-06-22,19542843.0
2023-06-23,21322211.0
2023-06-24,21352849.0
2023-06-25,14851131.0
2023-06-26,18336789.0
2023-06-27,19367472.0
2023-06-28,19336318.0
2023-06-29,19249869.0
2023-06-30,20101174.0
2023-07-01,24401742.0
2023-07-02,16089474.0
2023-07-03,20094417.0
2023-07-04,19705192.0
2023-07-05,19689401.0
2023-07-06,19969397.0
2023-07-07,20853972.0
2023-07-08,22733696.0
2023-07-09,15175238.0
2023-07-10,19248779.0
2023-07-11,20923122.0
2023-07-12,20909528.0
2023-07-13,19659433.0
2023-07-14,21886764.0
2023-07-15,22754260.0
2023-07-16,15963680.0
2023-07-17,19668970.0
2023-07-18,20072967.0
2023-07-19,20018434.0
2023-07-20,20397995.0
2023-07-21,21470601.0
2023-07-22,22675734.0
2023-07-23,15792975.0
2023-07-24,18675587.0
2023-07-25,19158709.0
2023-07-26,20036433.0
2023-07-27,20498070.0
2023-07-28,21645991.0
2023-07-29,22204610.0
2023-07-30,15752680.0
2023-07-31,19400747.0
2023-08-01,23722519.0
2023-08-02,21593631.0
2023-08-03,21007058.0
2023-08-04,20946811.0
2023-08-05,22006563.0
2023-08-06,15224071.0
2023-08-07,19275879.0
2023-08-08,19768738.0
2023-08-09,19836862.0
2023-08-10,20277685.0
2023-08-11,21344612.0
2023-08-12,21036022.0
2023-08-13,15139855.0
2023-08-14,20348415.0
2023-08-15,12635552.0
2023-08-16,18901359.0
2023-08-17,19147323.0
2023-08-18,19788987.0
2023-08-19,19532305.0
2023-08-20,14924548.0
2023-08-21,18793848.0
2023-08-22,18945403.0
2023-08-23,18609009.0
2023-08-24,18708143.0
2023-08-25,20003144.0
2023-08-26,20036060.0
2023-08-27,14304779.0
2023-08-28,17649330.0
2023-08-29,18394114.0
2023-08-30,18516628.0
2023-08-31,18631932.0
2023-09-01,23335383.0
2023-09-02,22534585.0
2023-09-03,15083777.0
2023-09-04,19017259.0
2023-09-05,19365021.0
2023-09-06,19034162.0
2023-09-07,19119471.0
2023-09-08,20316312.0
2023-09-09,21390573.0
2023-09-10,15001274.0
2023-09-11,18663540.0
2023-09-12,19397404.0
2023-09-13,19383329.0
2023-09-14,19532856.0
2023-09-15,21342854.0
2023-09-16,21859239.0
2023-09-17,15110575.0
2023-09-18,18116058.0
2023-09-19,18956143.0
2023-09-20,18853840.0
2023-09-21,18602372.0
2023-09-22,20140672.0
2023-09-23,21536807.0
2023-09-24,14872841.0
2023-09-25,17477166.0
2023-09-26,18357080.0
2023-09-27,18680877.0
2023-09-28,19362254.0
2023-09-29,20429059.0
2023-09-30,23546535.0
2023-10-01,18060867.0
2023-10-02,20543629.0
2023-10-03,19518199.0
2023-10-04,19081410.0
2023-10-05,19301896.0
2023-10-06,20717220.0
2023-10-07,21853269.0
2023-10-08,14707696.0
2023-10-09,17602993.0
2023-10-10,19242809.0
2023-10-11,19159893.0
2023-10-12,19233659.0
2023-10-13,20617481.0
2023-10-14,22105176.0
2023-10-15,14875935.0
2023-10-16,17594508.0
2023-10-17,18306367.0
2023-10-18,18274048.0
2023-10-19,18256373.0
2023-10-20,19447879.0
2023-10-21,21683192.0
2023-10-22,14703697.0
2023-10-23,17251182.0
2023-10-24,17110871.0
2023-10-25,18437592.0
2023-10-26,18245969.0
2023-10-27,20643090.0
2023-10-28,22625496.0
2023-10-29,14748509.0
2023-10-30,17745429.0
2023-10-31,20652674.0
2023-11-01,17363765.0
2023-11-02,20552912.0
2023-11-03,20813745.0
2023-11-04,22104705.0
2023-11-05,14430856.0
2023-11-06,17791438.0
2023-11-07,18195846.0
2023-11-08,18405111.0
2023-11-09,19401774.0
2023-11-10,21712930.0
2023-11-11,24064097.0
2023-11-12,15238271.0
2023-11-13,18440531.0
2023-11-14,9783410.0
2023-11-15,19535115.0
2023-11-16,19905362.0
2023-11-17,22200620.0
2023-11-18,24135683.0
2023-11-19,15906790.0
2023-11-20,19093732.0
2023-11-21,19406189.0
2023-11-22,20124367.0
2023-11-23,20361476.0
2023-11-24,23341964.0
2023-11-25,24019636.0
2023-11-26,16593083.0
2023-11-27,19480133.0
2023-11-28,19731847.0
2023-11-29,19721693.0
2023-11-30,20183606.0
2023-12-01,26098473.0
2023-12-02,26304625.0
2023-12-03,17167234.0
2023-12-04,19807907.0
2023-12-05,19980615.0
2023-12-06,21207788.0
2023-12-07,23220142.0
2023-12-08,17262383.0
2023-12-09,23225122.0
2023-12-10,15927554.0
2023-12-11,19566189.0
2023-12-12,20689525.0
2023-12-13,21057995.0
2023-12-14,21557778.0
2023-12-15,23861189.0
2023-12-16,26032929.0
2023-12-17,18276218.0
2023-12-18,21824716.0
2023-12-19,23032637.0
2023-12-20,24047284.0
2023-12-21,24902756.0
2023-12-22,27204204.0
2023-12-23,29095622.0
2023-12-24,20000631.0
2023-12-25,6201552.0
2023-12-26,9776393.0
2023-12-27,19420770.0
2023-12-28,19612986.0
2023-12-29,20822801.0
2023-12-30,22067761.0
2023-12-31,15005678.0
